{
    "results": [
        {
            "date": "Wed Aug 08 20:06:30 +0000 2018",
            "engagement": 90070
        },
        {
            "date": "Sun Aug 05 12:35:43 +0000 2018",
            "engagement": 103842
        },
        {
            "date": "Tue Aug 07 00:13:16 +0000 2018",
            "engagement": 51162
        },
        {
            "date": "Sat Aug 04 11:30:55 +0000 2018",
            "engagement": 92281
        },
        {
            "date": "Sat Aug 04 04:21:04 +0000 2018",
            "engagement": 91088
        },
        {
            "date": "Mon Aug 06 19:14:50 +0000 2018",
            "engagement": 160418
        },
        {
            "date": "Wed Aug 08 13:41:53 +0000 2018",
            "engagement": 44443
        },
        {
            "date": "Tue Aug 07 03:52:07 +0000 2018",
            "engagement": 64582
        },
        {
            "date": "Wed Aug 08 03:13:26 +0000 2018",
            "engagement": 90593
        },
        {
            "date": "Fri Aug 03 23:50:44 +0000 2018",
            "engagement": 44291
        },
        {
            "date": "Wed Aug 08 16:24:20 +0000 2018",
            "engagement": 54953
        },
        {
            "date": "Wed Aug 08 13:46:34 +0000 2018",
            "engagement": 43458
        },
        {
            "date": "Tue Aug 07 13:19:55 +0000 2018",
            "engagement": 27068
        },
        {
            "date": "Sun Aug 05 13:30:31 +0000 2018",
            "engagement": 57269
        },
        {
            "date": "Sun Aug 05 14:49:08 +0000 2018",
            "engagement": 69192
        }
    ]
}